num_links,time_horizon,execution_time,memory_usage_mb,operations_per_second
10,60,0.0009989738464355469,0.01373291015625,600616.3245823389
10,120,0.0019996166229248047,0.0274658203125,600115.0351734827
50,60,0.0010006427764892578,0.06866455078125,2998072.909220872
50,120,0.0029993057250976562,0.1373291015625,2000462.9570747218
100,60,0.0009860992431640625,0.1373291015625,6084580.270793037
100,120,0.0030121803283691406,0.274658203125,3983825.233496913
500,60,0.0029916763305664062,0.6866455078125,10027822.760599298
500,120,0.004003286361694336,1.373291015625,14987686.260496695
