total_delay,total_travel_time,max_queue,avg_travel_time,network_efficiency
149856555.3521242,2790551472.3918376,67455.28899755886,680.927218070228,0.006067577911010024
