{
  "convergence_history": {
    "iteration": [
      1,
      2,
      3,
      4,
      5,
      6,
      7,
      8,
      9,
      10,
      11,
      12,
      13,
      14,
      15
    ],
    "total_delay": [
      149580536.64226687,
      149856555.3521242,
      149856555.3521242,
      149856555.3521242,
      149856555.3521242,
      149856555.3521242,
      149856555.3521242,
      149856555.3521242,
      149856555.3521242,
      149856555.3521242,
      149856555.3521242,
      149856555.3521242,
      149856555.3521242,
      149856555.3521242,
      149856555.3521242
    ],
    "total_travel_time": [
      2790064204.280985,
      2790551472.3918376,
      2790551472.3918376,
      2790551472.3918376,
      2790551472.3918376,
      2790551472.3918376,
      2790551472.3918376,
      2790551472.3918376,
      2790551472.3918376,
      2790551472.3918376,
      2790551472.3918376,
      2790551472.3918376,
      2790551472.3918376,
      2790551472.3918376,
      2790551472.3918376
    ],
    "max_queue": [
      67444.94579585707,
      67455.28899755886,
      67455.28899755886,
      67455.28899755886,
      67455.28899755886,
      67455.28899755886,
      67455.28899755886,
      67455.28899755886,
      67455.28899755886,
      67455.28899755886,
      67455.28899755886,
      67455.28899755886,
      67455.28899755886,
      67455.28899755886,
      67455.28899755886
    ],
    "convergence_measure": [
      Infinity,
      2.3201754971158195,
      0.9575989852220496,
      0.520726676520478,
      0.3152597727082817,
      0.2016137379898134,
      0.1330804043393939,
      0.08957989998836449,
      0.06106488097776629,
      0.041976433933426247,
      0.029018082464076177,
      0.020137354159952957,
      0.014011501851658796,
      0.009766996359781063,
      0.006816923264842497
    ]
  },
  "final_performance": {
    "total_delay": 149856555.3521242,
    "total_travel_time": 2790551472.3918376,
    "max_queue": 67455.28899755886,
    "avg_travel_time": 680.927218070228,
    "network_efficiency": 0.006067577911010024
  },
  "link_results": [
    {
      "link_id": 1,
      "from_node": 1,
      "to_node": 2,
      "avg_queue": 16774.64999241675,
      "avg_inflow_per_min": 479.10976149646757,
      "avg_outflow_per_min": 278.21770393388385,
      "travel_time_min": 46.22565415228091,
      "dominant_phase": 