phase_0_usage,phase_1_usage,phase_2_usage,phase_3_usage
0.2275457689926689,0.23614489666368316,0.26130848116568434,0.2750008531779636
