phase_0_usage,phase_1_usage,phase_2_usage,phase_3_usage
0.2259753942489624,0.2354852706193924,0.2623228132724762,0.27621665596961975
