total_delay,total_travel_time,max_queue,avg_travel_time,network_efficiency
147376960.0,2698775552.0,65091.97265625,668.76416015625,0.006177930928051514
